userId,movieId,rating
1,2,3.5
1,29,3.5
1,32,3.5
1,47,3.5
1,50,3.5
1,112,3.5
1,151,4.0
1,223,4.0
1,253,4.0
1,260,4.0
1,293,4.0
1,296,4.0
1,318,4.0
1,337,3.5
1,367,3.5
1,541,4.0
1,589,3.5
1,593,3.5
1,653,3.0
1,919,3.5
1,924,3.5
2,3,4.0
2,62,5.0
2,70,5.0
2,110,4.0
2,242,3.0
2,260,5.0
2,266,5.0
2,469,3.0
2,480,5.0
2,541,5.0
2,589,5.0
2,891,2.0
2,908,4.0
2,924,5.0
3,1,4.0
3,24,3.0
3,32,4.0
3,50,5.0
3,160,3.0
3,173,2.0
3,175,5.0
3,196,3.0
3,223,5.0
3,260,5.0
3,316,5.0
3,318,5.0
3,329,5.0
3,337,3.0
3,440,3.0
3,442,3.0
3,457,5.0
3,480,5.0
3,490,5.0
3,512,2.0
3,541,5.0
3,589,4.0
3,593,5.0
3,610,4.0
3,718,3.0
3,780,3.0
3,788,4.0
3,858,5.0
3,904,5.0
3,905,3.0
3,919,4.0
3,924,5.0
3,953,5.0
3,968,3.0
4,6,3.0
4,10,4.0
4,19,3.0
4,32,1.0
4,165,3.0
4,329,3.0
4,350,4.0
4,356,4.0
4,367,3.0
4,368,4.0
4,370,4.0
4,377,4.0
4,380,3.0
4,420,3.0
4,431,4.0
4,440,3.0
4,454,5.0
4,480,4.0
4,489,4.0
4,519,3.0
4,520,4.0
4,531,3.0
4,548,3.0
4,586,4.0
4,589,4.0
4,594,4.0
4,596,4.0
4,733,5.0
5,2,3.0
5,11,5.0
5,17,3.0
5,60,3.0
5,62,5.0
5,104,2.0
5,110,4.0
5,140,2.0
5,141,5.0
5,150,5.0
5,224,2.0
5,235,3.0
5,260,5.0
5,282,4.0
5,316,4.0
5,318,5.0
5,350,4.0
5,364,5.0
5,367,3.0
5,368,5.0
5,370,4.0
5,376,4.0
5,377,5.0
5,380,5.0
5,440,5.0
5,454,5.0
5,457,5.0
5,475,4.0
5,480,4.0
5,491,4.0
5,500,5.0
5,508,5.0
5,515,3.0
5,529,4.0
5,531,5.0
5,587,4.0
5,588,5.0
5,589,5.0
5,590,5.0
5,593,3.0
5,594,5.0
5,595,5.0
5,608,3.0
5,631,3.0
5,648,3.0
5,671,5.0
5,708,3.0
5,720,5.0
5,736,5.0
5,780,5.0
5,788,3.0
5,832,5.0
6,1,5.0
6,3,3.0
6,7,5.0
6,17,5.0
6,52,5.0
6,62,5.0
6,135,3.0
6,140,4.0
6,141,5.0
6,260,4.0
6,494,4.0
6,628,4.0
6,648,5.0
6,653,4.0
6,708,4.0
6,719,3.0
6,733,3.0
6,736,2.0
6,743,3.0
6,762,3.0
6,780,3.0
6,788,4.0
6,802,3.0
7,3,3.0
7,7,3.0
7,11,4.0
7,15,2.0
7,16,3.0
7,17,2.0
7,24,3.0
7,105,2.0
7,122,2.0
7,151,3.0
7,252,2.0
7,260,5.0
7,271,3.0
7,276,2.0
7,316,3.0
7,339,3.0
7,348,4.0
7,351,3.0
7,355,3.0
7,356,4.0
7,357,3.0
7,362,3.0
7,364,4.0
7,377,3.0
7,425,3.0
7,440,4.0
7,480,5.0
7,509,2.0
7,539,4.0
7,553,4.0
7,587,5.0
7,589,5.0
7,590,4.0
7,597,4.0
7,674,2.0
7,708,3.0
7,736,3.0
7,750,5.0
7,780,4.0
7,788,3.0
7,806,1.0
7,852,3.0
7,880,3.0
7,899,4.0
7,908,4.0
7,912,5.0
7,914,3.0
7,920,4.0
7,922,3.0
7,924,3.0
7,928,3.0
7,932,3.0
7,952,3.0
8,1,4.0
8,3,5.0
8,6,3.0
8,10,4.0
8,19,1.0
8,21,4.0
8,39,3.0
8,47,5.0
8,48,4.0
8,110,5.0
8,150,4.0
8,153,3.0
8,161,4.0
8,165,3.0
8,168,3.0
8,172,1.0
8,173,3.0
8,185,2.0
8,207,4.0
8,208,3.0
8,231,3.0
8,236,4.0
8,253,4.0
8,266,5.0
8,276,3.0
8,277,4.0
8,288,5.0
8,292,4.0
8,296,5.0
8,316,2.0
8,329,3.0
8,338,2.0
8,339,4.0
8,344,3.0
8,349,5.0
8,350,4.0
8,353,3.0
8,355,2.0
8,356,5.0
8,357,4.0
8,364,4.0
8,367,3.0
8,372,4.0
8,377,4.0
8,380,4.0
8,381,4.0
8,434,5.0
8,442,4.0
8,454,4.0
8,457,5.0
8,480,4.0
8,500,4.0
8,508,3.0
8,527,5.0
8,539,4.0
8,550,4.0
8,551,4.0
8,552,3.0
8,553,5.0
8,587,4.0
8,588,3.0
8,589,5.0
8,590,5.0
8,592,4.0
8,593,5.0
8,595,3.0
8,597,5.0
8,610,4.0
8,648,5.0
8,733,4.0
9,356,4.0
9,858,5.0
10,1,4.0
10,11,4.0
10,25,4.0
10,260,4.0
10,356,3.0
10,527,5.0
10,858,5.0
10,912,4.0
10,969,4.0
11,1,4.5
11,10,2.5
11,19,3.5
11,32,5.0
11,39,4.5
11,65,2.0
11,110,4.0
11,145,3.0
11,150,5.0
11,153,3.5
11,158,4.0
11,160,4.0
11,165,4.0
11,170,5.0
11,172,5.0
11,173,5.0
11,185,4.0
11,208,4.5
11,231,4.0
11,253,4.5
11,256,5.0
11,260,5.0
11,286,0.5
11,296,3.5
11,316,3.5
11,318,5.0
11,344,3.5
11,356,5.0
11,364,4.0
11,367,4.0
11,377,4.0
11,380,5.0
11,384,3.5
11,405,3.5
11,410,4.0
11,441,1.5
11,442,4.5
11,480,5.0
11,500,4.5
11,519,1.0
11,527,4.5
11,531,4.5
11,541,4.5
11,546,5.0
11,551,5.0
11,586,4.0
11,587,4.5
11,588,5.0
11,589,4.5
11,592,4.5
11,593,5.0
11,595,4.5
11,597,4.5
11,608,3.5
11,610,4.0
11,611,3.5
11,616,4.0
11,631,2.0
11,648,4.0
11,653,4.5
11,671,0.5
11,673,5.0
11,736,5.0
11,741,4.5
11,761,3.5
11,780,5.0
11,784,3.5
11,828,4.0
11,858,2.5
11,880,5.0
11,968,5.0
12,1,4.0
12,3,3.0
12,5,2.0
12,6,3.0
12,7,3.0
12,17,3.0
12,32,3.0
12,34,4.0
12,36,4.0
12,95,3.0
12,104,4.0
12,110,4.0
12,208,3.0
12,231,3.0
12,260,4.0
12,344,4.0
12,356,4.0
12,364,4.0
12,376,3.0
12,380,4.0
12,480,3.0
12,494,3.0
12,527,4.0
12,585,3.0
12,589,4.0
12,590,3.0
12,595,4.0
12,608,5.0
12,648,3.0
12,653,4.0
12,733,4.0
12,736,3.0
12,780,3.0
12,784,4.0
12,786,4.0
12,788,4.0
13,1,4.0
13,2,3.0
13,10,3.0
13,11,4.0
13,19,3.0
13,32,5.0
13,34,1.0
13,39,3.0
13,47,5.0
13,95,4.0
13,110,5.0
13,150,5.0
13,153,3.0
13,160,4.0
13,161,5.0
13,165,3.0
13,173,3.0
13,185,4.0
13,225,4.0
13,231,3.0
13,236,3.0
13,253,5.0
13,266,5.0
13,282,3.0
13,292,5.0
13,296,5.0
13,300,2.0
13,315,4.0
13,316,3.0
13,317,3.0
13,318,5.0
13,339,3.0
13,344,3.0
13,349,3.0
13,350,4.0
13,356,5.0
13,357,3.0
13,364,3.0
13,367,4.0
13,377,4.0
13,380,2.0
13,410,3.0
13,420,4.0
13,432,3.0
13,434,4.0
13,435,4.0
13,442,4.0
13,457,5.0
13,474,4.0
13,480,3.0
13,500,5.0
13,508,5.0
13,509,4.0
13,527,5.0
13,539,3.0
13,553,5.0
13,588,1.0
13,589,4.0
13,590,4.0
13,592,3.0
13,595,2.0
13,597,5.0
14,1,4.5
14,7,3.5
14,17,5.0
14,34,3.0
14,62,4.0
14,150,5.0
14,252,4.0
14,260,4.0
14,277,4.0
14,314,4.0
14,316,3.0
14,339,4.5
14,344,2.0
14,356,4.0
14,364,4.5
14,368,4.5
14,440,4.5
14,452,4.5
14,457,3.5
14,468,3.5
14,471,5.0
14,480,4.0
14,497,4.5
14,500,2.0
14,520,2.0
14,529,5.0
14,534,4.0
14,539,1.5
14,551,2.0
14,552,3.5
14,586,2.5
14,587,2.5
14,588,4.0
14,594,3.5
14,595,4.5
14,728,4.5
14,745,4.0
14,780,3.0
14,783,3.0
14,802,3.0
14,838,4.0
14,898,4.5
14,899,3.5
14,902,3.0
14,910,2.0
14,911,4.0
14,924,3.5
14,927,3.5
14,951,3.5
14,953,3.5
14,954,4.5
14,955,4.5
15,10,2.0
15,11,3.0
15,14,2.0
15,17,3.0
15,21,3.0
15,34,4.0
15,36,3.0
15,39,3.0
15,50,3.0
15,141,3.0
15,150,4.0
15,153,2.0
15,161,3.0
15,165,2.0
15,231,3.0
15,246,4.0
15,296,3.0
15,300,3.0
15,318,3.0
15,326,3.0
15,329,3.0
15,344,3.0
15,349,3.0
15,356,5.0
15,364,4.0
15,377,3.0
15,380,3.0
15,434,2.0
15,440,3.0
15,457,4.0
15,474,4.0
15,480,3.0
15,497,3.0
15,500,3.0
15,508,3.0
15,515,4.0
15,527,5.0
15,534,3.0
15,539,4.0
15,586,3.0
15,588,3.0
15,590,3.0
15,592,3.0
15,593,3.0
15,594,4.0
15,595,3.0
15,596,4.0
15,608,4.0
15,780,3.0
16,1,3.0
16,6,3.0
16,39,4.0
16,122,4.0
16,223,3.0
16,356,4.0
16,539,3.0
16,550,5.0
16,587,5.0
16,915,3.0
16,916,5.0
16,934,4.0
17,6,4.0
17,110,4.0
17,377,3.0
17,457,5.0
17,480,3.0
17,648,3.0
18,186,4.0
18,260,1.0
18,296,4.0
18,318,4.5
18,356,4.0
18,383,3.0
18,426,1.0
18,480,1.5
18,527,4.0
18,588,4.0
18,592,3.0
18,593,3.5
18,608,4.0
18,830,2.0
18,858,4.0
18,912,5.0
19,1,5.0
19,3,4.0
19,6,5.0
19,7,5.0
19,14,4.0
19,17,4.0
19,25,3.0
19,32,2.0
19,55,3.0
19,61,4.0
19,62,5.0
19,67,3.0
19,74,4.0
19,76,3.0
19,79,3.0
19,86,5.0
19,88,4.0
19,92,3.0
19,95,3.0
19,100,4.0
19,101,3.0
19,112,5.0
19,135,4.0
19,141,5.0
19,376,4.0
19,494,4.0
19,608,5.0
19,609,4.0
19,628,4.0
19,637,3.0
19,648,3.0
19,656,5.0
19,661,3.0
19,694,4.0
19,707,3.0
19,710,5.0
19,719,3.0
19,724,4.0
19,725,4.0
19,733,4.0
19,736,4.0
19,761,3.0
19,780,4.0
19,785,3.0
19,786,4.0
19,788,4.0
19,802,4.0
19,828,3.0
19,880,3.0
20,16,4.0
20,19,2.5
20,111,4.5
20,235,3.5
20,370,2.0
20,442,2.0
20,474,2.0
21,6,4.0
21,16,5.0
21,32,4.0
21,50,5.0
21,111,4.0
21,223,3.0
21,235,3.0
21,260,5.0
21,262,4.0
21,293,2.0
21,296,5.0
21,318,5.0
21,319,3.0
21,322,3.0
21,337,3.0
21,364,3.0
21,474,4.0
21,527,5.0
21,541,5.0
21,562,4.0
21,589,4.0
21,593,5.0
21,594,3.0
21,608,4.0
21,760,3.0
21,778,4.0
21,858,5.0
21,912,4.0
21,920,3.0
21,923,4.0
21,924,5.0
21,953,3.0
21,954,3.0
21,968,5.0
22,1,3.0
22,6,5.0
22,16,5.0
22,47,4.0
22,50,4.0
22,69,3.0
22,95,4.0
22,110,4.0
22,111,4.0
22,165,4.0
22,288,1.0
22,292,3.0
22,296,5.0
22,303,3.0
22,318,5.0
22,353,3.0
22,358,3.0
22,377,4.0
22,434,4.0
22,457,3.0
22,474,3.0
22,479,3.0
22,494,4.0
22,544,3.0
22,555,4.0
22,587,3.0
22,589,5.0
22,592,3.0
22,593,5.0
22,648,5.0
22,733,4.0
23,1,4.0
23,25,4.0
23,32,5.0
23,47,5.0
23,50,5.0
23,70,1.0
23,110,4.0
23,223,5.0
23,232,3.0
23,235,3.0
23,293,5.0
23,296,5.0
23,318,5.0
23,342,3.0
23,347,3.0
23,356,2.0
23,457,4.0
23,475,4.0
23,493,3.0
23,508,5.0
23,527,5.0
23,535,5.0
23,555,5.0
23,589,3.0
23,593,4.0
23,608,5.0
23,678,5.0
23,720,4.0
23,778,5.0
23,838,1.0
23,866,4.0
24,1,4.0
24,5,2.0
24,6,4.0
24,7,3.0
24,10,3.0
24,16,5.0
24,18,5.0
24,21,3.0
24,24,4.0
24,25,5.0
24,32,4.0
24,34,4.0
24,36,3.0
24,39,3.0
24,47,4.0
24,50,5.0
24,62,3.0
24,69,4.0
24,73,4.0
24,89,3.0
24,95,4.0
24,104,5.0
24,110,4.0
24,112,2.0
24,150,3.0
24,151,3.0
24,161,3.0
24,163,3.0
24,165,4.0
24,177,4.0
24,188,5.0
24,198,1.0
24,216,5.0
24,223,5.0
24,231,4.0
24,246,4.0
24,253,5.0
24,260,5.0
24,266,5.0
24,288,4.0
24,292,4.0
24,295,2.0
24,296,5.0
24,300,3.0
24,316,3.0
24,317,4.0
24,318,5.0
24,329,3.0
24,337,2.0
24,339,3.0
24,344,5.0
24,349,3.0
24,350,3.0
24,353,4.0
24,356,5.0
24,357,4.0
24,358,2.0
24,367,4.0
24,368,2.0
24,372,2.0
24,377,4.0
24,380,4.0
24,383,3.0
24,410,3.0
24,423,3.0
24,431,3.0
24,437,1.0
24,440,3.0
24,441,4.0
24,450,2.0
24,457,5.0
24,468,1.0
24,480,3.0
24,491,2.0
24,500,4.0
24,508,3.0
24,514,4.0
24,524,2.0
24,529,4.0
24,539,4.0
24,541,3.0
24,543,2.0
24,553,4.0
24,555,4.0
24,587,4.0
24,588,4.0
24,589,4.0
24,590,4.0
24,593,4.0
24,597,3.0
24,608,2.0
24,647,3.0
24,648,4.0
24,662,3.0
24,663,4.0
24,724,2.0
24,725,2.0
24,733,4.0
24,778,5.0
24,780,4.0
24,785,5.0
24,802,3.0
24,805,3.0
24,832,3.0
24,852,3.0
24,861,1.0
24,991,4.0
25,21,3.5
25,22,4.0
25,31,3.0
25,32,3.5
25,39,4.5
25,47,3.0
25,50,3.5
25,104,2.5
25,110,3.5
25,111,3.5
25,141,3.5
25,175,4.5
25,223,4.5
25,231,3.0
25,253,3.5
25,261,4.0
25,288,3.5
25,296,4.0
25,318,4.0
25,337,4.0
25,344,3.5
25,356,4.0
25,364,3.5
25,367,2.0
25,372,4.0
25,377,2.5
25,428,4.0
25,480,3.5
25,500,3.5
25,527,3.5
25,539,2.5
25,585,1.0
25,586,3.5
25,587,4.5
25,589,4.0
25,590,4.0
25,592,3.5
25,593,4.5
25,597,3.0
25,778,4.0
25,858,3.5
25,919,4.0
26,10,3.0
26,19,3.0
26,21,4.0
26,22,3.0
26,39,4.0
26,47,4.0
26,50,5.0
26,110,4.0
26,150,4.0
26,153,3.0
26,160,2.0
26,161,3.0
26,165,3.0
26,173,2.0
26,185,3.0
26,188,2.0
26,208,3.0
26,225,3.0
26,231,2.0
26,253,3.0
26,266,3.0
26,273,3.0
26,288,4.0
26,292,3.0
26,296,5.0
26,300,4.0
26,316,3.0
26,317,3.0
26,318,5.0
26,329,3.0
26,339,3.0
26,344,3.0
26,349,3.0
26,356,5.0
26,357,5.0
26,364,3.0
26,367,4.0
26,377,3.0
26,380,3.0
26,410,3.0
26,420,3.0
26,426,3.0
26,434,3.0
26,435,3.0
26,440,5.0
26,454,3.0
26,457,4.0
26,480,5.0
26,500,4.0
26,527,5.0
26,532,3.0
26,539,4.0
26,586,3.0
26,587,4.0
26,588,3.0
26,589,5.0
26,590,4.0
26,592,3.0
26,593,4.0
26,595,5.0
26,597,3.0
27,11,4.0
27,29,3.0
27,47,4.5
27,104,4.0
27,162,4.0
27,231,4.5
27,235,3.0
27,266,4.0
27,368,4.5
27,480,4.5
27,491,3.0
27,539,3.0
27,553,4.5
27,597,4.5
27,778,4.5
27,832,4.0
28,150,1.0
28,161,3.0
28,165,3.0
28,185,1.0
28,196,1.0
28,213,5.0
28,231,3.0
28,253,3.0
28,266,1.0
28,282,3.0
28,292,3.0
28,296,5.0
28,315,2.0
28,339,3.0
28,344,2.0
28,356,4.0
28,357,4.0
28,367,2.0
28,377,3.0
28,380,2.0
28,410,5.0
28,417,1.0
28,442,3.0
28,477,3.0
28,480,2.0
28,500,3.0
28,509,4.0
28,555,5.0
28,588,3.0
28,590,1.0
28,593,3.0
28,595,3.0
29,2,3.0
29,9,4.0
29,11,4.0
29,15,4.0
29,16,4.0
29,19,3.0
29,20,4.0
29,21,3.0
29,22,3.0
29,23,4.0
29,24,3.0
29,31,4.0
29,32,3.0
29,34,4.0
29,42,3.0
29,44,3.0
29,46,3.0
29,47,4.0
29,50,4.0
29,57,3.0
29,60,4.0
29,70,4.0
29,93,3.0
29,104,4.0
29,110,5.0
29,112,4.0
29,122,3.0
29,132,3.0
29,135,3.0
29,145,4.0
29,147,3.0
29,150,4.0
29,151,3.0
29,153,3.0
29,157,3.0
29,158,3.0
29,159,4.0
29,160,3.0
29,161,4.0
29,164,4.0
29,165,4.0
29,168,3.0
29,170,3.0
29,172,3.0
29,173,4.0
29,179,3.0
29,185,3.0
29,188,3.0
29,191,3.0
29,196,3.0
29,204,4.0
29,208,3.0
29,216,5.0
29,218,3.0
29,224,4.0
29,225,3.0
29,231,3.0
29,233,3.0
29,234,3.0
29,235,3.0
29,237,4.0
29,246,3.0
29,248,3.0
29,249,5.0
29,250,3.0
29,253,5.0
29,255,3.0
29,256,3.0
29,266,4.0
29,267,4.0
29,271,3.0
29,272,3.0
29,273,4.0
29,274,3.0
29,277,3.0
29,280,3.0
29,282,4.0
29,288,3.0
29,292,5.0
29,293,4.0
29,294,3.0
29,296,5.0
29,300,2.0
29,303,3.0
29,312,2.0
29,315,4.0
29,316,3.0
29,317,4.0
29,318,5.0
29,328,2.0
29,329,3.0
29,333,4.0
29,339,3.0
29,340,3.0
29,344,3.0
29,349,3.0
29,351,3.0
29,352,4.0
29,353,3.0
29,355,3.0
29,356,5.0
29,358,4.0
29,362,4.0
29,364,4.0
29,365,4.0
29,367,3.0
29,368,4.0
29,370,3.0
29,371,1.0
29,374,3.0
29,377,4.0
29,380,3.0
29,382,3.0
29,383,5.0
29,405,3.0
29,410,3.0
29,413,3.0
29,415,3.0
29,416,3.0
29,420,3.0
29,428,5.0
29,431,5.0
29,432,4.0
29,434,4.0
29,435,3.0
29,437,3.0
29,442,4.0
29,455,3.0
29,457,3.0
29,464,3.0
29,466,3.0
29,475,3.0
29,480,5.0
29,481,3.0
29,482,3.0
29,485,4.0
29,491,3.0
29,500,3.0
29,502,3.0
29,509,3.0
29,514,2.0
29,516,4.0
29,519,3.0
29,520,3.0
29,524,4.0
29,527,4.0
29,529,4.0
29,532,3.0
29,533,3.0
29,537,3.0
29,542,4.0
29,543,3.0
29,546,3.0
29,551,4.0
29,552,4.0
29,553,4.0
29,555,5.0
29,575,4.0
29,585,3.0
29,586,4.0
29,587,3.0
29,588,4.0
29,589,4.0
29,590,4.0
29,592,4.0
29,593,4.0
29,594,4.0
29,595,4.0
29,596,5.0
29,597,3.0
29,610,4.0
29,616,3.0
29,648,4.0
29,653,3.0
29,711,3.0
29,724,4.0
29,733,5.0
30,5,2.5
30,163,1.0
30,168,0.5
30,225,2.0
30,265,3.0
30,466,3.5
30,519,2.0
30,555,1.5
30,589,2.5
30,596,5.0
31,1,3.0
31,110,5.0
31,260,5.0
31,364,3.0
31,527,0.5
31,588,3.0
31,594,2.5
31,616,4.0
32,6,3.0
32,10,3.0
32,14,3.0
32,16,3.0
32,17,4.0
32,19,3.0
32,25,4.0
32,31,3.0
32,34,4.0
32,36,3.0
32,39,3.0
32,45,3.0
32,47,3.0
32,50,5.0
32,58,4.0
32,110,3.0
32,150,4.0
32,151,3.0
32,153,3.0
32,161,3.0
32,165,3.0
32,170,3.0
32,173,3.0
32,185,3.0
32,225,3.0
32,231,3.0
32,235,3.0
32,247,3.0
32,260,4.0
32,292,4.0
32,296,5.0
32,300,3.0
32,315,2.0
32,316,3.0
32,318,5.0
32,319,4.0
32,337,4.0
32,342,4.0
32,344,3.0
32,345,3.0
32,350,3.0
32,355,2.0
32,356,3.0
32,357,4.0
32,368,5.0
32,371,3.0
32,377,3.0
32,380,4.0
32,410,3.0
32,434,4.0
32,442,3.0
32,454,3.0
32,457,4.0
32,468,3.0
32,474,4.0
32,480,3.0
32,497,4.0
32,527,3.0
32,535,4.0
32,588,3.0
32,589,4.0
32,590,3.0
32,592,4.0
32,593,4.0
32,597,3.0
32,608,3.0
32,708,4.0
32,736,4.0
32,745,4.0
32,778,5.0
32,780,4.0
32,786,3.0
33,157,3.0
33,161,4.0
33,293,5.0
33,345,4.0
33,370,1.0
33,480,1.0
33,608,4.0
33,673,2.0
34,1,5.0
34,2,3.0
34,7,3.0
34,10,5.0
34,15,3.0
34,17,5.0
34,21,4.0
34,32,4.0
34,34,3.0
34,45,4.0
34,48,4.0
34,60,4.0
34,68,4.0
34,95,4.0
34,104,3.0
34,107,4.0
34,135,3.0
34,141,4.0
34,150,5.0
34,153,3.0
34,158,3.0
34,161,5.0
34,165,4.0
34,172,3.0
34,173,1.0
34,181,2.0
34,185,3.0
34,186,3.0
34,203,4.0
34,204,4.0
34,208,5.0
34,224,3.0
34,231,3.0
34,236,4.0
34,237,4.0
34,239,5.0
34,252,4.0
34,261,4.0
34,272,4.0
34,277,3.0
34,289,4.0
34,296,3.0
34,316,4.0
34,317,3.0
34,329,4.0
34,338,3.0
34,339,4.0
34,344,3.0
34,355,4.0
34,356,5.0
34,357,5.0
34,364,4.0
34,367,5.0
34,368,4.0
34,370,4.0
34,376,4.0
34,377,5.0
34,380,5.0
34,410,4.0
34,432,3.0
34,434,3.0
34,435,3.0
34,440,5.0
34,442,3.0
34,457,5.0
34,466,3.0
34,474,4.0
34,480,5.0
34,485,3.0
34,494,4.0
34,500,5.0
34,509,4.0
34,520,3.0
34,531,4.0
34,539,5.0
34,551,4.0
34,553,4.0
34,587,5.0
34,588,4.0
34,589,5.0
34,590,2.0
34,592,4.0
34,595,5.0
34,597,4.0
34,637,3.0
34,648,4.0
34,688,3.0
34,708,5.0
34,733,5.0
34,736,4.0
34,761,3.0
34,780,4.0
34,786,4.0
35,47,5.0
35,50,5.0
35,60,4.0
35,107,4.0
35,110,4.5
35,111,5.0
35,153,3.0
35,208,3.5
35,231,1.0
35,253,4.5
35,260,3.0
35,293,5.0
35,296,5.0
35,318,4.0
35,344,2.0
35,356,4.5
35,367,3.0
35,413,2.5
35,480,3.0
35,500,4.0
35,527,4.5
35,592,3.5
35,593,4.5
35,595,4.0
35,597,3.0
35,778,5.0
35,858,5.0
36,145,3.5
36,163,3.0
36,196,3.0
36,485,1.5
36,555,2.0
36,762,2.0
38,3,3.0
38,7,5.0
38,8,3.0
38,11,4.0
38,21,1.0
38,36,3.0
38,47,4.0
38,52,1.0
38,62,5.0
38,135,3.0
38,141,2.0
38,150,5.0
38,153,3.0
38,155,4.0
38,160,1.0
38,161,4.0
38,165,3.0
38,195,4.0
38,204,3.0
38,207,5.0
38,222,3.0
38,225,5.0
38,233,4.0
38,237,5.0
38,241,2.0
38,252,2.0
38,265,3.0
38,267,2.0
38,276,5.0
38,277,4.0
38,279,4.0
38,282,4.0
38,289,5.0
38,292,5.0
38,294,2.0
38,296,1.0
38,300,1.0
38,315,5.0
38,317,3.0
38,339,4.0
38,349,4.0
38,350,5.0
38,356,5.0
38,364,5.0
38,368,3.0
38,371,4.0
38,377,5.0
38,378,4.0
38,380,3.0
38,440,5.0
38,450,4.0
38,454,3.0
38,457,3.0
38,458,3.0
38,466,2.0
38,467,5.0
38,477,3.0
38,480,3.0
38,500,2.0
38,501,5.0
38,516,2.0
38,527,4.0
38,540,4.0
38,586,3.0
38,587,3.0
38,588,2.0
38,589,4.0
38,590,4.0
38,592,3.0
38,593,2.0
38,597,4.0
38,613,3.0
38,736,4.0
38,786,5.0
39,1,5.0
39,6,5.0
39,25,4.0
39,32,3.0
39,36,5.0
39,52,3.0
39,95,4.0
39,112,2.0
39,260,5.0
39,376,4.0
39,608,4.0
39,648,4.0
39,653,3.0
39,733,4.0
39,736,3.0
39,780,3.0
39,784,3.0
39,786,4.0
39,788,3.0
40,11,3.0
40,50,3.0
40,111,5.0
40,223,1.0
40,246,5.0
40,348,4.0
40,352,5.0
40,356,1.0
40,441,4.0
40,471,1.0
40,562,3.0
40,592,2.0
40,608,2.0
41,4,2.0
41,58,5.0
41,85,4.0
41,154,4.0
41,446,3.0
41,527,4.0
41,538,4.0
41,593,4.0
41,608,4.0
41,832,3.0
41,898,4.0
41,912,5.0
41,913,4.0
41,923,4.0
41,953,5.0
41,969,5.0
41,986,5.0
42,31,4.5
42,111,4.0
42,260,4.5
42,296,4.5
42,355,1.0
42,541,4.0
42,593,5.0
42,745,5.0
42,903,4.0
42,904,4.0
42,908,3.5
42,910,2.0
42,913,4.0
43,28,4.5
43,150,3.5
43,232,4.0
43,260,3.5
43,261,5.0
43,277,0.5
43,296,4.0
43,318,4.0
43,344,2.0
43,356,5.0
43,367,2.5
43,480,2.5
43,531,4.5
43,588,3.0
43,595,3.5
43,613,4.0
43,648,3.5
43,780,3.5
43,830,5.0
43,838,5.0
43,919,3.0
44,260,4.0
44,296,4.0
44,349,4.0
44,595,4.0
44,720,5.0
44,858,5.0
44,904,4.0
44,908,4.0
44,920,4.0
44,953,5.0
45,318,1.5
45,353,2.0
45,551,4.5
45,904,2.0
45,908,3.0
45,912,2.5
45,920,4.0
45,922,4.0
45,923,2.0
45,926,4.0
45,927,4.5
46,5,3.0
46,6,2.0
46,11,4.0
46,21,5.0
46,25,5.0
46,32,3.0
46,36,5.0
46,39,3.0
46,45,5.0
46,47,3.0
46,50,4.0
46,52,5.0
46,57,4.0
46,58,4.0
46,62,4.0
46,64,1.0
46,65,1.0
46,95,3.0
46,102,3.0
46,111,4.0
46,122,1.0
46,125,5.0
46,141,5.0
46,144,4.0
46,150,3.0
46,156,4.0
46,157,4.0
46,162,4.0
46,171,4.0
46,176,5.0
46,185,3.0
46,186,3.0
46,194,4.0
46,195,3.0
46,203,2.0
46,206,5.0
46,208,3.0
46,223,5.0
46,224,3.0
46,225,1.0
46,231,1.0
46,232,4.0
46,233,5.0
46,234,4.0
46,235,5.0
46,246,5.0
46,248,3.0
46,253,3.0
46,256,2.0
46,265,4.0
46,272,4.0
46,275,3.0
46,282,2.0
46,288,3.0
46,292,3.0
46,296,5.0
46,300,5.0
46,305,4.0
46,312,3.0
46,315,1.0
46,316,2.0
46,322,5.0
46,333,2.0
46,337,4.0
46,339,3.0
46,342,3.0
46,344,4.0
46,345,4.0
46,348,4.0
46,350,3.0
46,351,3.0
46,356,3.0
46,357,5.0
46,360,2.0
46,367,3.0
46,370,4.0
46,372,5.0
46,378,4.0
46,380,1.0
46,413,3.0
46,417,3.0
46,420,3.0
46,433,1.0
46,434,2.0
46,435,3.0
46,440,4.0
46,442,3.0
46,445,4.0
46,454,3.0
46,457,3.0
46,466,4.0
46,475,3.0
46,480,3.0
46,489,1.0
46,500,3.0
46,508,4.0
46,514,5.0
46,520,3.0
46,527,5.0
46,529,4.0
46,532,3.0
46,538,5.0
46,539,4.0
46,542,3.0
46,543,4.0
46,587,4.0
46,597,3.0
46,608,5.0
46,627,1.0
46,708,4.0
46,736,3.0
46,742,4.0
46,778,4.0
46,780,3.0
46,830,3.0
46,833,3.0
47,1,1.0
47,34,0.5
47,47,3.0
47,88,4.5
47,110,3.0
47,208,2.0
47,231,0.5
47,253,3.0
47,262,2.0
47,292,3.5
47,296,4.0
47,303,3.0
47,318,3.5
47,344,1.0
47,356,1.5
47,364,1.0
47,367,0.5
47,383,0.5
47,480,3.5
47,593,4.0
47,597,0.5
47,608,4.5
47,733,0.5
47,736,1.5
47,780,2.5
48,6,4.0
48,14,3.0
48,17,4.0
48,25,5.0
48,43,5.0
48,47,4.0
48,50,5.0
48,52,4.0
48,62,4.0
48,94,4.0
48,110,4.0
48,111,4.0
48,141,3.0
48,144,4.0
48,151,4.0
48,171,3.0
48,223,3.0
48,230,3.0
48,232,4.0
48,246,4.0
48,247,4.0
48,249,4.0
48,260,4.0
48,265,3.0
48,272,4.0
48,296,5.0
48,307,3.0
48,318,5.0
48,319,4.0
48,326,4.0
48,357,4.0
48,369,4.0
48,373,4.0
48,380,3.0
48,412,4.0
48,417,3.0
48,428,4.0
48,431,4.0
48,452,3.0
48,468,4.0
48,475,3.0
48,497,4.0
48,509,3.0
48,515,4.0
48,527,5.0
48,529,4.0
48,534,3.0
48,535,3.0
48,541,3.0
48,590,4.0
48,593,5.0
48,608,4.0
48,648,2.0
48,708,3.0
48,720,4.0
48,750,4.0
48,780,3.0
48,800,5.0
48,830,3.0
48,852,4.0
48,858,5.0
48,919,4.0
48,923,4.0
48,924,4.0
49,50,5.0
49,163,3.5
49,216,3.0
49,296,5.0
49,333,3.0
49,475,4.5
49,527,3.5
49,593,4.0
49,610,4.0
49,785,3.5
49,849,2.5
50,32,4.0
50,39,3.5
50,47,4.0
50,150,3.5
50,215,5.0
50,296,5.0
50,308,4.0
50,318,4.0
50,319,3.0
50,344,2.0
50,356,4.5
50,357,4.0
50,372,5.0
50,497,4.0
50,539,4.0
50,541,4.0
50,551,4.0
50,589,4.5
50,590,3.5
50,593,4.0
50,597,3.5
50,608,4.0
50,910,3.5
50,912,5.0
50,923,3.5
50,924,5.0
51,19,3.0
51,47,5.0
51,50,5.0
51,70,3.0
51,231,5.0
51,296,5.0
51,318,5.0
51,344,5.0
51,367,4.0
51,463,2.0
51,592,4.0
51,593,4.0
51,608,4.0
51,784,4.0
51,999,4.0
52,19,3.0
52,34,4.0
52,110,4.0
52,111,3.0
52,160,3.0
52,253,3.0
52,266,4.0
52,296,3.0
52,356,3.0
52,364,3.0
52,380,4.0
52,410,4.0
52,435,3.0
52,454,4.0
52,457,4.0
52,480,5.0
52,588,3.0
52,590,3.0
52,592,2.0
52,593,2.0
53,1,4.0
53,21,5.0
53,29,5.0
53,32,4.0
53,41,4.0
53,50,5.0
53,58,5.0
53,62,1.0
53,78,3.0
53,100,4.0
53,114,4.0
53,124,5.0
53,149,5.0
53,159,3.0
53,162,5.0
53,175,4.0
53,213,5.0
53,229,5.0
53,230,5.0
53,232,5.0
53,263,4.0
53,272,3.0
53,296,3.0
53,299,3.0
53,309,5.0
53,314,3.0
53,316,1.0
53,318,3.0
53,326,4.0
53,334,4.0
53,337,4.0
53,342,5.0
53,345,5.0
53,385,4.0
53,446,5.0
53,471,2.0
53,472,5.0
53,480,3.0
53,488,5.0
53,509,3.0
53,515,4.0
53,527,4.0
53,535,4.0
53,549,5.0
53,562,4.0
53,570,4.0
53,573,4.0
53,583,5.0
53,601,4.0
53,608,5.0
53,678,4.0
53,705,5.0
53,720,5.0
53,722,4.0
53,766,3.0
53,778,4.0
53,800,5.0
53,806,5.0
53,837,4.0
53,848,2.0
53,850,5.0
53,858,4.0
53,904,5.0
53,912,3.0
53,913,5.0
53,923,5.0
53,924,4.0
53,969,5.0
53,991,4.0
53,994,5.0
54,1,4.0
54,2,3.0
54,5,3.0
54,6,3.0
54,10,4.0
54,11,5.0
54,16,2.0
54,17,2.0
54,18,3.0
54,20,3.0
54,21,2.0
54,22,3.0
54,25,2.0
54,32,5.0
54,34,2.0
54,36,5.0
54,39,2.0
54,47,4.0
54,50,4.0
54,52,4.0
54,70,4.0
54,89,4.0
54,95,2.0
54,110,5.0
54,111,3.0
54,122,2.0
54,125,3.0
54,135,2.0
54,150,3.0
54,153,4.0
54,160,3.0
54,161,4.0
54,163,4.0
54,165,5.0
54,185,3.0
54,186,3.0
54,195,2.0
54,196,4.0
54,204,2.0
54,223,5.0
54,225,4.0
54,235,3.0
54,236,3.0
54,249,2.0
54,252,3.0
54,260,4.0
54,272,2.0
54,288,1.0
54,292,5.0
54,296,5.0
54,300,2.0
54,303,4.0
54,306,1.0
54,316,3.0
54,318,5.0
54,329,4.0
54,337,3.0
54,339,4.0
54,344,1.0
54,348,3.0
54,349,4.0
54,350,3.0
54,356,5.0
54,357,3.0
54,360,2.0
54,367,4.0
54,368,3.0
54,370,3.0
54,377,4.0
54,379,4.0
54,380,4.0
54,410,3.0
54,426,2.0
54,435,3.0
54,440,4.0
54,442,4.0
54,454,4.0
54,457,5.0
54,474,4.0
54,479,4.0
54,480,5.0
54,494,4.0
54,517,2.0
54,527,5.0
54,539,4.0
54,540,3.0
54,541,3.0
54,543,4.0
54,544,2.0
54,551,3.0
54,552,4.0
54,562,2.0
54,581,4.0
54,585,3.0
54,586,3.0
54,587,4.0
54,589,5.0
54,590,5.0
54,592,5.0
54,593,5.0
54,597,3.0
54,608,5.0
54,612,2.0
54,640,2.0
54,648,3.0
54,671,2.0
54,695,3.0
54,708,3.0
54,719,3.0
54,733,4.0
54,736,4.0
54,748,4.0
54,750,3.0
54,780,5.0
54,785,3.0
54,786,4.0
54,788,3.0
54,798,2.0
54,799,4.0
54,800,3.0
54,830,2.0
54,832,5.0
54,836,2.0
54,838,2.0
54,849,3.0
54,858,5.0
54,861,4.0
54,866,4.0
54,885,2.0
54,921,2.0
54,924,2.0
54,968,4.0
54,994,3.0
55,110,4.0
55,203,2.0
55,260,5.0
55,457,4.0
55,480,4.0
55,858,5.0
55,940,4.0
55,969,4.0
56,11,3.0
56,16,3.0
56,25,4.0
56,36,3.0
56,39,3.0
56,45,3.0
56,47,4.0
56,50,5.0
56,69,4.0
56,110,5.0
56,125,5.0
56,161,2.0
56,164,3.0
56,177,2.0
56,180,3.0
56,186,2.0
56,215,3.0
56,223,4.0
56,246,5.0
56,266,4.0
56,293,3.0
56,296,5.0
56,318,5.0
56,322,2.0
56,356,4.0
56,366,3.0
56,368,1.0
56,380,3.0
56,441,4.0
56,457,2.0
56,497,2.0
56,501,3.0
56,527,3.0
56,529,4.0
56,555,5.0
56,593,5.0
56,608,4.0
56,628,4.0
56,647,2.0
56,648,4.0
56,714,2.0
56,724,4.0
56,778,4.0
56,799,3.0
56,912,5.0
56,991,3.0
57,31,3.5
57,432,3.5
57,480,5.0
57,520,3.0
57,590,5.0
57,733,4.0
57,919,4.5
58,1,5.0
58,6,4.5
58,11,4.5
58,16,4.0
58,21,5.0
58,32,5.0
58,34,5.0
58,36,4.0
58,45,3.5
58,47,5.0
58,50,5.0
58,79,4.0
58,89,4.0
58,110,5.0
58,111,5.0
58,151,5.0
58,161,4.0
58,162,5.0
58,163,3.0
58,165,5.0
58,170,4.0
58,172,3.5
58,185,4.0
58,190,4.0
58,194,4.5
58,207,3.0
58,208,1.0
58,218,1.5
58,223,4.5
58,224,4.0
58,225,4.0
58,230,5.0
58,231,4.0
58,233,3.5
58,235,3.5
58,246,3.5
58,247,3.5
58,253,5.0
58,265,4.0
58,266,4.0
58,272,5.0
58,273,4.0
58,282,3.0
58,288,5.0
58,292,4.0
58,293,3.0
58,296,5.0
58,300,4.0
58,303,2.5
58,314,3.5
58,315,3.0
58,316,3.0
58,317,3.5
58,318,5.0
58,322,3.5
58,337,4.0
58,342,4.0
58,348,4.5
58,349,5.0
58,350,4.0
58,353,4.0
58,356,4.5
58,357,4.5
58,361,4.5
58,367,5.0
58,373,5.0
58,376,4.0
58,377,5.0
58,380,4.0
58,382,4.0
58,426,4.0
58,427,3.0
58,428,4.0
58,431,3.5
58,434,3.0
58,440,5.0
58,448,4.0
58,454,4.0
58,455,4.5
58,457,5.0
58,468,4.0
58,474,5.0
58,480,4.0
58,481,5.0
58,485,0.5
58,500,3.5
58,508,3.5
58,509,4.0
58,512,5.0
58,517,3.5
58,527,5.0
58,531,4.0
58,539,5.0
58,540,2.0
58,541,5.0
58,543,3.0
58,551,5.0
58,552,3.5
58,553,4.5
58,555,4.0
58,586,1.0
58,587,5.0
58,589,5.0
58,590,4.5
58,593,5.0
58,608,5.0
58,628,5.0
58,661,4.0
58,678,5.0
58,733,4.0
58,736,4.0
58,745,5.0
58,748,4.0
58,750,5.0
58,780,2.0
58,785,4.5
58,786,4.0
58,800,5.0
58,802,5.0
58,805,4.0
58,832,4.5
58,852,4.5
58,858,5.0
58,898,3.0
58,903,5.0
58,904,5.0
58,908,5.0
58,913,5.0
58,920,5.0
58,922,5.0
58,923,5.0
58,924,5.0
58,950,5.0
58,953,5.0
58,954,5.0
58,965,5.0
58,968,4.0
58,969,4.5
58,994,5.0
59,1,4.5
59,50,4.0
59,318,4.5
59,333,2.0
59,342,4.5
59,355,1.0
59,356,4.0
59,471,3.5
59,585,1.0
59,858,4.5
60,31,4.0
60,157,4.5
60,256,2.0
60,277,2.5
60,296,3.5
60,318,4.5
60,364,4.5
60,441,4.5
60,527,4.5
60,531,3.5
60,585,1.5
60,593,3.5
60,720,3.5
60,724,3.0
60,745,4.0
61,4,3.0
61,31,3.5
61,39,5.0
61,44,1.5
61,47,4.0
61,141,3.5
61,147,4.0
61,170,3.0
61,193,0.5
61,215,2.0
61,231,3.0
61,256,0.5
61,261,1.0
61,296,4.5
61,327,0.5
61,339,2.5
61,344,0.5
61,356,3.0
61,364,4.5
61,380,0.5
61,407,4.5
61,441,5.0
61,457,2.5
61,480,3.5
61,500,3.5
61,588,4.0
61,593,4.5
61,648,3.5
61,724,0.5
61,778,5.0
62,170,5.0
62,218,5.0
62,277,4.0
62,318,5.0
62,342,4.0
62,345,4.5
62,608,4.5
62,785,3.5
63,41,4.0
63,110,3.0
63,155,4.0
63,356,4.0
63,389,3.0
63,527,5.0
63,750,5.0
63,897,4.0
63,912,5.0
63,920,5.0
63,969,5.0
63,976,1.0
64,47,5.0
64,110,5.0
64,150,5.0
64,153,5.0
64,168,4.0
64,185,5.0
64,231,1.0
64,253,5.0
64,288,4.0
64,292,5.0
64,316,4.0
64,318,5.0
64,329,5.0
64,339,4.0
64,344,3.0
64,349,5.0
64,356,4.0
64,364,5.0
64,367,3.0
64,377,4.0
64,434,3.0
64,454,5.0
64,457,4.0
64,480,5.0
64,500,3.0
64,527,5.0
64,588,4.0
64,589,4.0
64,590,5.0
64,592,5.0
64,595,5.0
64,736,5.0
65,24,4.0
65,318,5.0
65,356,5.0
65,364,4.5
65,443,4.0
65,480,3.0
65,541,4.0
65,588,5.0
66,1,4.0
66,21,5.0
66,34,4.0
66,110,5.0
66,112,4.0
66,223,5.0
66,232,4.0
66,288,3.0
66,322,4.0
66,329,2.0
66,340,1.0
66,356,5.0
66,380,4.0
66,434,3.0
66,480,2.0
66,543,3.0
66,589,4.0
66,590,4.0
66,733,4.0
66,736,2.0
66,745,5.0
67,10,4.0
67,25,5.0
67,39,3.0
67,69,4.0
67,110,4.0
67,151,5.0
67,260,5.0
67,357,3.0
67,380,4.0
67,541,4.0
67,590,5.0
67,616,3.0
67,708,4.0
67,733,5.0
67,750,5.0
67,912,5.0
67,914,3.0
67,924,4.0
67,976,4.0
68,10,4.0
68,19,3.0
68,34,5.0
68,150,3.0
68,153,3.0
68,158,3.0
68,185,3.0
68,195,4.0
68,208,4.0
68,231,3.0
68,237,3.0
68,248,3.0
68,256,3.0
68,261,4.0
68,276,3.0
68,282,4.0
68,296,4.0
68,300,3.0
68,316,3.0
68,329,3.0
68,333,3.0
68,337,5.0
68,339,3.0
68,344,4.0
68,348,4.0
68,432,3.0
68,435,4.0
68,468,4.0
68,588,3.0
68,590,5.0
68,592,3.0
68,595,3.0
69,1,4.0
69,5,3.0
69,6,4.0
69,9,3.0
69,10,3.0
69,11,3.0
69,12,3.0
69,15,1.0
69,16,3.0
69,18,3.0
69,19,4.0
69,20,2.0
69,21,3.0
69,22,3.0
69,25,3.0
69,32,5.0
69,39,2.0
69,44,3.0
69,45,1.0
69,47,5.0
69,50,4.0
69,62,3.0
69,63,3.0
69,70,4.0
69,79,1.0
69,81,3.0
69,88,3.0
69,94,3.0
69,95,3.0
69,104,3.0
69,107,3.0
69,110,3.0
69,111,4.0
69,112,3.0
69,122,3.0
69,125,4.0
69,135,2.0
69,145,4.0
69,147,4.0
69,150,3.0
69,153,3.0
69,160,3.0
69,163,4.0
69,165,4.0
69,168,3.0
69,172,1.0
69,173,2.0
69,175,3.0
69,177,3.0
69,180,3.0
69,185,1.0
69,186,3.0
69,188,3.0
69,196,3.0
69,203,2.0
69,208,1.0
69,216,3.0
69,223,3.0
69,231,3.0
69,234,1.0
69,235,2.0
69,248,3.0
69,252,3.0
69,253,4.0
69,260,5.0
69,265,1.0
69,266,4.0
69,273,1.0
69,288,3.0
69,293,3.0
69,296,4.0
69,303,1.0
69,306,4.0
69,307,4.0
69,308,4.0
69,312,2.0
69,316,3.0
69,317,2.0
69,318,4.0
69,327,3.0
69,330,1.0
69,332,3.0
69,333,3.0
69,338,2.0
69,339,3.0
69,342,3.0
69,344,4.0
69,349,3.0
69,353,4.0
69,355,1.0
69,356,4.0
69,357,3.0
69,364,4.0
69,367,3.0
69,368,1.0
69,370,3.0
69,372,3.0
69,377,2.0
69,379,3.0
69,380,4.0
69,383,3.0
69,384,3.0
69,410,3.0
69,413,1.0
69,417,3.0
69,419,2.0
69,423,3.0
69,426,3.0
69,427,3.0
69,429,3.0
69,440,3.0
69,441,3.0
69,454,3.0
69,457,4.0
69,464,3.0
69,466,3.0
69,471,4.0
69,473,2.0
69,474,4.0
69,479,2.0
69,480,4.0
69,482,3.0
69,485,3.0
69,494,3.0
69,500,3.0
69,519,3.0
69,520,3.0
69,533,2.0
69,539,3.0
69,540,3.0
69,543,3.0
69,544,3.0
69,546,1.0
69,550,3.0
69,551,4.0
69,552,2.0
69,553,3.0
69,555,4.0
69,585,3.0
69,586,3.0
69,587,3.0
69,588,4.0
69,589,5.0
69,590,3.0
69,592,4.0
69,593,4.0
69,595,3.0
69,596,4.0
69,597,3.0
69,606,2.0
69,608,3.0
69,637,1.0
69,648,4.0
69,653,2.0
69,661,4.0
69,662,3.0
69,663,3.0
69,673,3.0
69,688,1.0
69,694,3.0
69,708,3.0
69,719,4.0
69,724,3.0
69,731,3.0
69,733,4.0
69,735,3.0
69,736,3.0
69,743,2.0
69,747,2.0
69,748,3.0
69,762,3.0
69,778,4.0
69,780,4.0
69,784,4.0
69,785,3.0
69,786,3.0
69,788,3.0
69,799,3.0
69,818,3.0
69,829,3.0
69,836,3.0
69,839,1.0
69,842,3.0
69,849,3.0
69,861,3.0
69,880,2.0
69,881,2.0
69,891,3.0
69,953,3.0
69,990,3.0
69,999,3.0
70,6,5.0
70,10,2.0
70,16,5.0
70,70,4.0
70,89,3.0
70,110,3.0
70,111,4.0
70,165,1.0
70,288,5.0
70,296,5.0
70,318,4.0
70,329,1.0
70,353,4.0
70,368,2.0
70,377,2.0
70,380,2.0
70,428,2.0
70,479,3.0
70,480,3.0
70,493,4.0
70,494,1.0
70,507,3.0
70,527,4.0
70,548,1.0
70,555,5.0
70,589,4.0
70,593,4.0
70,608,3.0
70,733,2.0
70,736,1.0
70,778,4.0
70,780,2.0
70,806,3.0
70,858,5.0
70,886,2.0
71,318,5.0
71,356,5.0
72,19,3.5
72,32,5.0
72,34,4.0
72,58,4.0
72,95,3.0
72,110,5.0
72,150,4.0
72,236,4.5
72,253,3.0
72,296,5.0
72,337,4.5
72,356,4.5
72,357,4.0
72,380,5.0
72,420,0.5
72,500,4.0
72,508,5.0
72,541,5.0
72,586,2.0
72,590,4.5
72,593,5.0
72,597,2.0
72,608,5.0
72,788,0.5
72,919,4.0
72,924,4.0
72,953,4.5
73,17,3.0
73,34,5.0
73,50,4.0
73,55,5.0
73,110,5.0
73,111,4.0
73,150,5.0
73,246,4.0
73,260,3.0
73,262,4.0
73,296,5.0
73,314,3.0
73,318,5.0
73,329,1.0
73,457,3.0
73,509,3.0
73,527,5.0
73,529,5.0
73,590,5.0
73,593,2.0
73,595,4.0
73,608,5.0
73,736,2.0
73,778,2.0
73,858,4.0
73,862,3.0
73,866,2.0
73,899,2.0
73,902,3.0
73,909,3.0
73,919,3.0
73,920,4.0
73,921,2.0
73,922,3.0
73,923,4.0
73,924,3.0
73,926,4.0
73,954,4.0
74,25,5.0
74,36,4.0
74,58,5.0
74,229,4.0
74,260,4.0
74,262,4.0
74,337,4.0
74,608,5.0
74,778,4.0
74,800,4.0
74,858,5.0
74,903,5.0
74,904,4.0
74,910,5.0
74,912,4.0
74,913,5.0
74,930,5.0
74,949,4.0
75,3,3.0
75,10,4.0
75,21,4.0
75,39,5.0
75,62,4.0
75,89,3.0
75,150,5.0
75,153,4.0
75,161,5.0
75,165,4.0
75,185,3.0
75,204,3.0
75,252,3.0
75,257,3.0
75,276,3.0
75,280,4.0
75,292,4.0
75,296,3.0
75,316,3.0
75,318,5.0
75,329,4.0
75,349,4.0
75,350,3.0
75,356,5.0
75,377,4.0
75,380,5.0
75,434,4.0
75,454,4.0
75,457,4.0
75,474,5.0
75,480,4.0
75,500,4.0
75,516,3.0
75,544,3.0
75,553,4.0
75,586,4.0
75,589,5.0
75,590,4.0
75,592,2.0
75,593,5.0
75,648,4.0
75,653,4.0
75,733,5.0
75,736,3.0
75,780,4.0
75,786,5.0
75,788,4.0
76,47,4.0
76,110,4.0
76,316,2.0
76,480,4.0
76,541,4.0
76,692,1.0
76,880,2.0
76,921,4.0
77,19,2.0
77,32,3.5
77,44,1.5
77,70,3.0
77,158,2.0
77,256,1.5
77,260,4.5
77,333,2.0
77,344,2.5
77,410,3.0
77,541,5.0
77,585,0.5
77,588,3.5
77,596,4.0
77,741,4.0
77,750,5.0
77,912,4.5
77,924,5.0
78,29,4.0
78,110,3.0
78,170,4.0
78,198,5.0
78,260,5.0
78,316,3.0
78,380,3.0
78,480,4.0
78,508,4.0
78,541,5.0
78,589,4.0
78,653,4.0
79,110,4.0
79,497,4.0
79,593,4.0
79,858,4.0
79,912,3.0
80,1,3.0
80,3,3.0
80,7,3.0
80,36,4.0
80,62,4.0
80,74,4.0
80,102,3.0
80,140,3.0
80,141,4.0
80,260,5.0
80,376,4.0
80,608,4.0
80,648,3.0
80,708,4.0
80,719,2.0
80,780,2.0
80,832,4.0
80,837,3.0
81,356,5.0
81,480,4.0
81,593,5.0
81,780,5.0
81,920,5.0
82,1,5.0
82,16,4.5
82,47,5.0
82,50,5.0
82,97,4.5
82,110,5.0
82,111,4.5
82,180,4.0
82,223,4.5
82,318,5.0
82,522,4.0
82,541,5.0
82,586,3.5
82,608,4.5
82,778,5.0
82,832,3.5
82,912,5.0
82,924,4.5
82,953,5.0
83,50,4.0
83,163,3.5
83,282,2.5
83,293,4.0
83,296,5.0
83,337,3.0
83,342,3.5
83,593,4.0
83,608,4.5
84,1,5.0
84,24,4.0
84,44,4.0
84,150,5.0
84,153,4.0
84,165,5.0
84,174,3.0
84,185,5.0
84,196,5.0
84,208,3.0
84,231,3.0
84,253,5.0
84,288,3.0
84,316,4.0
84,317,3.0
84,325,4.0
84,329,3.0
84,337,3.0
84,344,3.0
84,350,4.0
84,367,5.0
84,380,4.0
84,410,5.0
84,420,3.0
84,432,4.0
84,434,4.0
84,435,4.0
84,440,4.0
84,457,5.0
84,520,4.0
84,553,4.0
84,588,5.0
84,590,5.0
84,592,3.0
84,595,4.0
84,736,5.0
85,17,4.5
85,262,4.5
85,596,3.5
85,899,5.0
85,904,4.0
85,911,5.0
85,912,4.0
85,916,5.0
85,919,3.5
85,933,4.5
85,945,5.0
85,950,5.0
86,158,2.0
86,260,4.5
86,318,5.0
86,671,3.0
86,858,4.0
87,11,3.0
87,19,1.0
87,21,3.0
87,50,5.0
87,111,3.0
87,141,4.0
87,150,4.0
87,153,3.0
87,161,3.0
87,165,3.0
87,185,3.0
87,225,3.0
87,230,5.0
87,236,3.0
87,252,3.0
87,265,4.0
87,266,1.0
87,292,3.0
87,296,1.0
87,300,3.0
87,315,1.0
87,316,3.0
87,318,4.0
87,337,3.0
87,339,2.0
87,344,1.0
87,349,4.0
87,380,3.0
87,432,1.0
87,434,2.0
87,457,5.0
87,588,1.0
87,590,3.0
87,592,2.0
87,593,5.0
88,2,1.0
88,7,1.0
88,16,4.0
88,17,2.5
88,19,2.0
88,21,2.5
88,22,1.0
88,32,3.5
88,48,1.5
88,58,4.0
88,110,2.5
88,112,2.0
88,151,0.5
88,153,1.0
88,172,1.0
88,196,1.0
88,208,0.5
88,235,4.0
88,236,1.0
88,260,2.5
88,293,4.0
88,315,0.5
88,345,1.5
88,348,3.5
88,370,1.0
88,420,0.5
88,432,0.5
88,442,2.0
88,494,1.0
88,500,1.5
88,543,0.5
88,586,1.5
88,588,3.0
88,736,1.0
88,784,3.0
88,785,2.0
88,802,1.0
88,832,0.5
88,852,0.5
88,858,4.5
88,903,3.0
88,908,3.0
88,912,4.0
88,923,4.0
88,924,4.0
88,953,2.0
88,969,4.0
89,111,5.0
89,318,5.0
89,527,4.0
89,637,2.0
89,715,5.0
89,858,5.0
89,920,4.0
90,1,3.5
90,10,3.5
90,34,4.0
90,39,2.0
90,47,4.5
90,104,3.0
90,110,3.0
90,141,4.0
90,150,3.5
90,153,3.0
90,216,2.0
90,253,4.5
90,260,3.5
90,296,3.5
90,316,3.5
90,318,4.0
90,329,4.5
90,333,2.0
90,344,3.5
90,356,5.0
90,364,4.5
90,367,3.5
90,377,2.5
90,380,4.5
90,480,3.5
90,500,4.0
90,588,3.0
90,589,3.0
90,590,4.5
90,592,4.0
90,593,3.5
90,595,4.5
90,597,3.5
90,608,3.5
90,733,3.5
91,1,4.0
91,2,3.5
91,3,3.0
91,7,2.5
91,10,4.0
91,11,4.0
91,19,2.0
91,21,4.0
91,22,4.0
91,24,3.5
91,32,4.0
91,41,5.0
91,45,3.5
91,47,4.0
91,48,3.5
91,50,3.5
91,62,3.5
91,104,4.0
91,110,5.0
91,141,3.5
91,145,2.5
91,150,3.5
91,151,4.0
91,153,3.0
91,160,1.0
91,161,3.5
91,163,3.0
91,165,3.5
91,168,2.5
91,172,2.5
91,173,3.0
91,185,2.5
91,186,2.5
91,196,1.5
91,208,1.5
91,223,1.5
91,231,2.0
91,235,3.5
91,237,2.5
91,252,2.5
91,253,3.0
91,256,1.5
91,260,4.5
91,261,3.5
91,266,3.5
91,272,3.5
91,273,3.0
91,292,4.0
91,296,3.5
91,300,3.5
91,316,4.0
91,317,3.5
91,318,4.0
91,329,3.5
91,333,2.5
91,339,2.5
91,342,3.5
91,344,2.5
91,345,4.0
91,349,3.0
91,350,2.5
91,353,3.5
91,355,2.5
91,356,4.0
91,357,4.5
91,362,3.5
91,364,4.5
91,367,2.5
91,368,3.5
91,370,2.5
91,372,3.5
91,376,2.5
91,377,2.5
91,380,3.0
91,410,2.5
91,416,2.0
91,420,2.5
91,432,3.0
91,434,3.0
91,435,2.5
91,440,4.0
91,442,3.0
91,454,2.0
91,457,3.5
91,466,2.0
91,468,3.5
91,473,2.0
91,474,3.5
91,475,4.5
91,480,3.5
91,485,2.0
91,497,4.0
91,500,4.0
91,508,4.5
91,520,3.0
91,527,4.5
91,539,3.5
91,543,3.0
91,553,4.5
91,585,3.0
91,586,3.0
91,587,2.5
91,589,2.5
91,590,4.5
91,592,4.0
91,593,3.0
91,594,3.5
91,596,3.0
91,597,3.0
91,608,3.5
91,648,3.0
91,653,3.5
91,688,2.5
91,708,2.0
91,714,1.0
91,720,4.0
91,724,2.5
91,733,3.5
91,736,3.0
91,745,4.0
91,750,4.0
91,778,4.0
91,780,3.0
91,784,3.5
91,786,2.5
91,799,3.5
91,802,3.0
91,832,3.5
91,852,2.5
91,858,5.0
91,899,3.0
91,902,4.5
91,903,2.5
91,904,4.5
91,910,4.5
91,911,4.5
91,914,4.0
91,916,4.0
91,919,3.5
91,924,2.5
91,953,4.5
91,965,4.0
91,969,4.0
91,971,3.5
92,162,5.0
92,203,2.0
92,236,3.0
92,613,4.0
93,1,5.0
93,19,4.0
93,22,5.0
93,62,5.0
93,73,5.0
93,107,5.0
93,150,5.0
93,153,2.0
93,160,3.0
93,165,2.0
93,231,5.0
93,253,1.0
93,267,3.0
93,277,4.0
93,312,4.0
93,316,5.0
93,317,4.0
93,329,5.0
93,333,4.0
93,344,5.0
93,345,3.0
93,355,4.0
93,356,3.0
93,362,3.0
93,364,4.0
93,367,5.0
93,370,5.0
93,380,3.0
93,410,3.0
93,419,4.0
93,420,3.0
93,432,3.0
93,435,4.0
93,466,4.0
93,480,5.0
93,485,5.0
93,491,5.0
93,500,5.0
93,519,3.0
93,520,5.0
93,531,5.0
93,551,4.0
93,552,4.0
93,585,4.0
93,586,2.0
93,587,5.0
93,588,2.0
93,589,3.0
93,590,3.0
93,592,3.0
93,595,3.0
93,597,3.0
93,637,3.0
93,743,5.0
93,802,5.0
94,44,1.0
94,150,4.0
94,266,3.5
94,368,3.0
94,903,4.0
95,31,3.0
95,32,4.0
95,46,4.0
95,47,3.0
95,73,4.0
95,106,5.0
95,232,4.0
95,262,3.0
95,265,3.0
95,280,3.0
95,296,2.0
95,364,3.0
95,446,3.0
95,475,4.0
95,497,3.0
95,531,3.0
95,534,5.0
95,587,3.0
95,590,3.0
95,592,3.0
95,594,3.0
95,647,3.0
95,708,4.0
96,1,3.5
96,3,4.0
96,29,4.0
96,32,4.0
96,47,4.0
96,50,3.0
96,260,4.0
96,262,4.0
96,293,4.5
96,296,4.5
96,318,4.5
96,355,2.5
96,356,3.5
96,367,2.0
96,408,3.0
96,457,4.0
96,480,3.5
96,524,3.0
96,527,4.0
96,541,5.0
96,551,4.0
96,586,3.5
96,588,3.5
96,590,3.5
96,593,4.5
96,608,3.0
96,741,4.0
96,750,3.0
96,778,3.0
96,858,3.0
96,908,2.5
96,910,3.5
96,912,3.5
96,915,2.0
96,923,3.5
96,924,3.0
97,1,4.0
97,52,4.0
97,356,5.0
97,440,4.0
97,455,3.0
97,500,4.0
97,539,3.0
97,569,3.0
97,585,1.0
97,587,3.0
97,785,2.0
97,918,3.0
98,6,4.0
98,47,4.5
98,296,4.5
98,356,5.0
98,541,4.0
98,741,5.0
98,778,4.5
98,839,4.0
99,1,4.0
99,47,4.5
99,260,4.0
99,296,5.0
99,318,4.5
99,356,4.0
99,480,3.0
99,593,5.0
99,750,4.0
99,778,4.5
100,14,3.0
100,25,4.0
100,32,3.0
100,39,3.0
100,50,5.0
100,70,3.0
100,161,3.0
100,162,4.0
100,185,2.0
100,194,3.0
100,223,4.0
100,235,4.0
100,260,4.0
100,265,4.0
100,288,4.0
100,293,5.0
100,296,4.0
100,318,3.0
100,329,3.0
100,337,3.0
100,339,3.0
100,342,4.0
100,344,3.0
100,356,4.0
100,427,2.0
100,431,3.0
100,434,2.0
100,435,3.0
100,471,3.0
100,481,3.0
100,500,2.0
100,508,3.0
100,527,4.0
100,535,4.0
100,538,4.0
100,562,4.0
100,586,1.0
100,587,3.0
100,589,3.0
100,593,4.0
100,608,4.0
100,610,4.0
100,673,4.0
100,680,5.0
100,708,4.0
100,728,4.0
100,778,4.0
100,780,3.0
